-- MySQL dump 10.13  Distrib 8.0.21, for Linux (x86_64)
--
-- Host: localhost    Database: vk
-- ------------------------------------------------------
-- Server version	8.0.21-0ubuntu0.20.04.4

/*!40101 SET @OLD_CHARACTER_SET_CLIENT=@@CHARACTER_SET_CLIENT */;
/*!40101 SET @OLD_CHARACTER_SET_RESULTS=@@CHARACTER_SET_RESULTS */;
/*!40101 SET @OLD_COLLATION_CONNECTION=@@COLLATION_CONNECTION */;
/*!50503 SET NAMES utf8mb4 */;
/*!40103 SET @OLD_TIME_ZONE=@@TIME_ZONE */;
/*!40103 SET TIME_ZONE='+00:00' */;
/*!40014 SET @OLD_UNIQUE_CHECKS=@@UNIQUE_CHECKS, UNIQUE_CHECKS=0 */;
/*!40014 SET @OLD_FOREIGN_KEY_CHECKS=@@FOREIGN_KEY_CHECKS, FOREIGN_KEY_CHECKS=0 */;
/*!40101 SET @OLD_SQL_MODE=@@SQL_MODE, SQL_MODE='NO_AUTO_VALUE_ON_ZERO' */;
/*!40111 SET @OLD_SQL_NOTES=@@SQL_NOTES, SQL_NOTES=0 */;

--
-- Table structure for table `communities`
--

DROP TABLE IF EXISTS `communities`;
/*!40101 SET @saved_cs_client     = @@character_set_client */;
/*!50503 SET character_set_client = utf8mb4 */;
CREATE TABLE `communities` (
  `id` int unsigned NOT NULL AUTO_INCREMENT COMMENT 'Идентификатор сроки',
  `name` varchar(150) CHARACTER SET utf8 COLLATE utf8_unicode_ci NOT NULL COMMENT 'Название группы',
  `created_at` datetime DEFAULT CURRENT_TIMESTAMP COMMENT 'Время создания строки',
  `updated_at` datetime DEFAULT CURRENT_TIMESTAMP ON UPDATE CURRENT_TIMESTAMP COMMENT 'Время обновления строки',
  PRIMARY KEY (`id`),
  UNIQUE KEY `name` (`name`)
) ENGINE=InnoDB AUTO_INCREMENT=101 DEFAULT CHARSET=utf8 COLLATE=utf8_unicode_ci COMMENT='Группы';
/*!40101 SET character_set_client = @saved_cs_client */;

--
-- Dumping data for table `communities`
--

LOCK TABLES `communities` WRITE;
/*!40000 ALTER TABLE `communities` DISABLE KEYS */;
INSERT INTO `communities` VALUES (1,'distinctio','2012-04-17 22:00:00','2020-09-13 22:01:35'),(2,'dolorem','1996-03-25 03:22:36','1996-10-06 13:02:17'),(3,'blanditiis','2007-08-29 10:24:39','2020-09-13 22:01:35'),(4,'occaecati','1988-10-13 01:57:50','2020-09-13 22:01:35'),(5,'porro','2018-06-19 10:10:43','2020-09-13 22:01:35'),(6,'laudantium','2007-09-15 05:47:01','2013-02-28 13:12:12'),(7,'iste','2002-05-06 16:40:08','2003-12-06 02:59:43'),(8,'et','1989-07-06 10:22:28','2020-09-13 22:01:35'),(9,'enim','2014-11-11 03:42:51','2020-09-13 22:01:35'),(10,'vero','1987-12-30 19:34:18','2017-09-21 05:10:53');
/*!40000 ALTER TABLE `communities` ENABLE KEYS */;
UNLOCK TABLES;

--
-- Table structure for table `communities_users`
--

DROP TABLE IF EXISTS `communities_users`;
/*!40101 SET @saved_cs_client     = @@character_set_client */;
/*!50503 SET character_set_client = utf8mb4 */;
CREATE TABLE `communities_users` (
  `community_id` int unsigned NOT NULL COMMENT 'Ссылка на группу',
  `user_id` int unsigned NOT NULL COMMENT 'Ссылка на пользователя',
  `created_at` datetime DEFAULT CURRENT_TIMESTAMP COMMENT 'Время создания строки',
  PRIMARY KEY (`community_id`,`user_id`) COMMENT 'Составной первичный ключ'
) ENGINE=InnoDB DEFAULT CHARSET=utf8 COLLATE=utf8_unicode_ci COMMENT='Участники групп, связь между пользователями и группами';
/*!40101 SET character_set_client = @saved_cs_client */;

--
-- Dumping data for table `communities_users`
--

LOCK TABLES `communities_users` WRITE;
/*!40000 ALTER TABLE `communities_users` DISABLE KEYS */;
INSERT INTO `communities_users` VALUES (1,2,'1998-02-19 16:38:39'),(1,18,'1999-09-22 06:12:10'),(1,23,'1970-07-04 09:02:16'),(1,49,'1981-03-01 19:41:38'),(1,58,'1998-02-08 16:12:15'),(1,77,'2016-03-31 19:27:30'),(1,82,'2005-01-05 05:41:25'),(1,93,'1995-12-01 11:13:03'),(2,8,'1970-09-08 05:00:45'),(2,11,'1993-10-21 00:06:13'),(2,25,'1997-02-05 02:58:51'),(2,29,'1986-11-16 20:21:32'),(2,30,'1973-10-31 00:51:34'),(2,31,'1974-09-21 13:20:36'),(2,33,'1977-05-08 08:44:43'),(2,41,'1972-11-16 08:49:24'),(2,47,'1996-03-31 11:48:34'),(2,53,'2009-07-25 23:41:57'),(2,54,'2015-01-11 07:39:55'),(2,61,'1985-12-24 17:39:35'),(2,74,'2009-06-15 11:14:25'),(2,75,'2004-07-06 11:33:54'),(2,78,'1975-12-20 20:51:08'),(2,88,'1980-10-07 05:03:34'),(2,98,'2016-02-14 20:20:31'),(2,100,'1988-02-07 13:42:30'),(3,3,'1990-07-17 17:21:35'),(3,21,'1997-06-09 21:46:43'),(3,35,'1976-08-01 07:43:40'),(3,40,'2001-04-12 09:45:53'),(3,42,'1991-06-03 20:15:51'),(3,59,'1970-03-06 21:23:32'),(3,95,'1980-10-19 00:50:46'),(3,96,'1977-11-27 02:00:50'),(4,16,'1976-11-10 19:36:07'),(4,46,'1975-11-30 04:41:32'),(4,50,'2005-05-15 03:45:32'),(4,55,'2005-05-24 08:11:53'),(4,56,'1996-02-17 15:34:59'),(4,60,'2000-05-26 01:10:23'),(4,62,'2003-01-11 07:42:33'),(4,63,'2010-02-01 14:50:04'),(4,71,'1982-07-25 10:41:30'),(4,76,'2006-09-12 09:03:53'),(4,87,'1981-06-18 17:31:46'),(4,92,'2006-10-18 11:21:58'),(4,94,'1976-08-26 23:24:24'),(5,5,'1973-06-18 03:31:25'),(5,45,'2019-02-08 23:06:11'),(5,66,'2017-07-10 07:57:12'),(5,83,'1980-10-11 14:11:45'),(5,86,'2005-03-25 09:13:16'),(5,90,'1977-05-20 13:02:45'),(6,14,'1993-09-20 18:58:23'),(6,19,'1997-02-04 00:39:33'),(6,20,'1978-07-17 15:12:15'),(6,22,'1989-02-18 10:21:11'),(6,28,'2016-05-02 03:16:39'),(6,32,'1971-02-01 01:14:00'),(6,36,'1975-04-10 11:12:27'),(6,51,'2006-11-27 17:52:22'),(6,52,'1997-09-16 23:34:23'),(6,65,'2008-06-26 17:55:20'),(6,97,'1999-10-12 02:00:19'),(7,12,'1987-08-28 23:33:38'),(7,17,'2003-06-09 03:15:38'),(7,24,'2005-10-06 09:16:48'),(7,26,'1996-11-05 09:51:42'),(7,38,'1976-08-10 20:05:14'),(7,39,'2015-05-01 18:25:02'),(7,43,'1997-06-17 19:28:57'),(7,48,'1972-12-02 13:47:38'),(7,57,'2016-08-02 00:22:32'),(7,69,'1977-01-15 02:52:52'),(7,70,'1980-01-27 02:40:34'),(7,79,'1989-11-19 11:09:10'),(7,80,'1976-05-31 08:13:07'),(7,81,'1992-10-06 10:59:16'),(8,1,'1978-09-14 15:53:57'),(8,10,'1998-05-24 08:13:22'),(8,44,'2020-09-10 21:06:18'),(8,64,'1976-11-28 16:46:31'),(8,72,'1988-03-13 08:15:56'),(8,89,'2008-05-21 07:37:33'),(9,4,'2006-08-27 05:37:51'),(9,6,'1994-04-07 07:31:49'),(9,9,'2011-02-17 23:02:01'),(9,37,'1990-08-24 17:03:02'),(9,67,'1984-06-29 15:17:46'),(9,68,'1996-06-26 12:54:42'),(9,84,'2012-04-20 02:40:48'),(10,7,'2000-08-08 04:35:43'),(10,13,'1981-10-31 15:04:51'),(10,15,'1990-07-22 07:21:24'),(10,27,'1982-03-12 09:46:43'),(10,34,'1997-06-22 19:07:39'),(10,73,'1971-07-14 12:55:17'),(10,85,'2007-10-14 06:09:40'),(10,91,'1986-09-07 18:30:05'),(10,99,'1988-10-07 05:32:54');
/*!40000 ALTER TABLE `communities_users` ENABLE KEYS */;
UNLOCK TABLES;

--
-- Table structure for table `friendship_statuses`
--

DROP TABLE IF EXISTS `friendship_statuses`;
/*!40101 SET @saved_cs_client     = @@character_set_client */;
/*!50503 SET character_set_client = utf8mb4 */;
CREATE TABLE `friendship_statuses` (
  `id` int unsigned NOT NULL AUTO_INCREMENT COMMENT 'Идентификатор строки',
  `name` varchar(150) CHARACTER SET utf8 COLLATE utf8_unicode_ci NOT NULL COMMENT 'Название статуса',
  `created_at` datetime DEFAULT CURRENT_TIMESTAMP COMMENT 'Время создания строки',
  `updated_at` datetime DEFAULT CURRENT_TIMESTAMP ON UPDATE CURRENT_TIMESTAMP COMMENT 'Время обновления строки',
  PRIMARY KEY (`id`),
  UNIQUE KEY `name` (`name`)
) ENGINE=InnoDB AUTO_INCREMENT=7 DEFAULT CHARSET=utf8 COLLATE=utf8_unicode_ci COMMENT='Статусы дружбы';
/*!40101 SET character_set_client = @saved_cs_client */;

--
-- Dumping data for table `friendship_statuses`
--

LOCK TABLES `friendship_statuses` WRITE;
/*!40000 ALTER TABLE `friendship_statuses` DISABLE KEYS */;
INSERT INTO `friendship_statuses` VALUES (1,'requested','2020-09-13 22:45:47','2020-09-13 22:45:47'),(2,'confirmed','2020-09-13 22:45:47','2020-09-13 22:45:47'),(3,'rejected','2020-09-13 22:45:47','2020-09-13 22:45:47');
/*!40000 ALTER TABLE `friendship_statuses` ENABLE KEYS */;
UNLOCK TABLES;

--
-- Table structure for table `friendships`
--

DROP TABLE IF EXISTS `friendships`;
/*!40101 SET @saved_cs_client     = @@character_set_client */;
/*!50503 SET character_set_client = utf8mb4 */;
CREATE TABLE `friendships` (
  `user_id` int unsigned NOT NULL COMMENT 'Ссылка на инициатора дружеских отношений',
  `friend_id` int unsigned NOT NULL COMMENT 'Ссылка на получателя приглашения дружить',
  `status_id` int unsigned NOT NULL COMMENT 'Ссылка на статус (текущее состояние) отношений',
  `requested_at` datetime DEFAULT CURRENT_TIMESTAMP COMMENT 'Время отправления приглашения дружить',
  `confirmed_at` datetime DEFAULT NULL COMMENT 'Время подтверждения приглашения',
  `created_at` datetime DEFAULT CURRENT_TIMESTAMP COMMENT 'Время создания строки',
  `updated_at` datetime DEFAULT CURRENT_TIMESTAMP ON UPDATE CURRENT_TIMESTAMP COMMENT 'Время обновления строки',
  PRIMARY KEY (`user_id`,`friend_id`) COMMENT 'Составной первичный ключ'
) ENGINE=InnoDB DEFAULT CHARSET=utf8 COLLATE=utf8_unicode_ci COMMENT='Таблица дружбы';
/*!40101 SET character_set_client = @saved_cs_client */;

--
-- Dumping data for table `friendships`
--

LOCK TABLES `friendships` WRITE;
/*!40000 ALTER TABLE `friendships` DISABLE KEYS */;
INSERT INTO `friendships` VALUES (1,63,3,'1987-05-27 08:00:23','2020-02-17 02:48:12','1981-04-08 10:04:20','2020-09-13 22:46:47'),(1,78,2,'2020-01-12 11:41:56','1998-10-23 02:33:11','1977-09-14 10:43:58','2020-09-13 22:46:47'),(2,78,3,'1975-12-29 03:14:29','1973-03-04 01:07:27','2015-04-27 09:49:34','2020-09-13 22:46:47'),(3,4,3,'2008-11-29 12:24:43','1985-08-08 15:20:25','1978-12-05 06:18:23','2020-09-13 22:46:47'),(4,4,1,'1977-01-13 17:49:39','2007-12-29 14:23:43','2016-06-14 21:01:01','2020-09-13 22:46:47'),(4,12,3,'2000-12-08 02:26:22','1996-11-06 23:55:44','1970-10-03 00:05:39','2020-09-13 22:46:47'),(4,85,1,'1987-08-30 14:17:35','2015-07-04 11:00:56','1978-04-19 13:20:13','2020-09-13 22:46:47'),(5,15,2,'2015-08-24 15:41:04','2000-01-11 01:28:46','2011-02-02 13:22:35','2020-09-13 22:46:47'),(5,86,1,'1973-03-28 04:57:42','2014-04-29 15:33:48','2002-07-10 07:25:46','2020-09-13 22:46:47'),(6,18,3,'1994-05-09 23:51:19','1978-05-16 07:23:52','1991-04-02 04:54:49','2020-09-13 22:46:47'),(7,44,2,'1985-09-04 19:31:17','1993-06-14 14:14:47','1996-12-30 20:36:57','2020-09-13 22:46:47'),(7,67,1,'1994-06-22 00:16:19','1995-05-28 15:21:37','2002-12-28 12:29:56','2020-09-13 22:46:47'),(9,1,3,'1982-12-23 11:27:53','1988-02-16 01:10:26','1986-03-02 19:31:39','2020-09-13 22:46:47'),(9,2,3,'2004-11-02 06:28:11','1980-11-14 23:52:13','2019-03-03 11:51:21','2020-09-13 22:46:47'),(9,8,1,'1990-08-16 18:26:26','1980-04-23 21:55:13','2003-09-08 12:51:32','2020-09-13 22:46:47'),(10,34,2,'1990-08-13 08:39:14','1971-07-10 13:37:30','2001-11-08 18:25:56','2020-09-13 22:46:47'),(11,43,3,'2003-08-08 17:33:22','1979-01-13 09:07:00','1986-01-11 03:55:15','2020-09-13 22:46:47'),(12,15,1,'2003-12-17 02:03:24','2005-12-02 09:48:07','1977-12-20 08:40:01','2020-09-13 22:46:47'),(12,43,3,'1998-08-04 00:41:26','2017-03-11 20:34:29','2004-03-01 01:24:10','2020-09-13 22:46:47'),(15,70,1,'2019-08-05 07:44:00','2020-04-02 14:50:36','1996-11-23 07:35:29','2020-09-13 22:46:47'),(16,21,3,'2018-07-26 10:38:44','1976-04-27 15:25:30','2011-09-25 04:41:48','2020-09-13 22:46:47'),(16,94,2,'1977-07-22 14:48:47','1974-08-18 02:04:07','2000-07-20 19:50:18','2020-09-13 22:46:47'),(18,5,2,'1978-02-27 01:45:19','1994-11-26 21:10:23','2010-06-30 05:40:09','2020-09-13 22:46:47'),(19,43,2,'2014-11-07 08:11:06','1999-01-27 20:56:28','2004-07-19 01:06:44','2020-09-13 22:46:47'),(22,1,3,'1984-01-27 20:20:30','2017-12-18 12:03:52','2015-05-08 20:56:37','2020-09-13 22:46:47'),(22,75,2,'2007-03-20 09:39:22','2003-09-28 00:31:48','2010-03-29 08:50:33','2020-09-13 22:46:47'),(23,30,3,'1974-03-06 18:38:22','2014-10-17 09:26:06','2000-08-05 03:02:51','2020-09-13 22:46:47'),(23,38,1,'1990-05-13 14:21:07','2014-12-05 05:13:48','2013-05-05 18:50:01','2020-09-13 22:46:47'),(23,71,2,'2014-12-13 12:59:17','2016-09-23 08:25:59','1980-08-20 17:48:16','2020-09-13 22:46:47'),(24,100,1,'1998-09-25 18:59:29','2020-02-18 23:11:37','2002-09-21 17:44:26','2020-09-13 22:46:47'),(25,18,3,'2002-08-07 08:41:01','1975-05-31 05:30:23','1978-02-16 06:54:49','2020-09-13 22:46:47'),(25,39,2,'1980-08-06 20:56:14','1999-12-11 18:56:58','2003-11-08 20:59:10','2020-09-13 22:46:47'),(25,84,2,'1973-10-23 10:51:26','1984-01-29 07:45:57','1982-05-17 20:32:44','2020-09-13 22:46:47'),(26,39,3,'2001-10-05 10:55:41','1999-06-24 03:39:06','2006-08-10 07:18:38','2020-09-13 22:46:47'),(27,78,2,'1991-12-14 07:39:43','2008-03-22 11:59:18','1993-05-12 03:16:53','2020-09-13 22:46:47'),(28,73,1,'1980-06-16 00:40:46','1978-03-19 20:43:15','1971-02-12 10:02:56','2020-09-13 22:46:47'),(29,32,2,'2001-07-17 15:32:23','1992-10-04 03:46:39','2014-08-05 05:32:18','2020-09-13 22:46:47'),(32,41,3,'2019-08-10 18:45:19','2012-01-30 15:50:18','2001-08-15 06:48:39','2020-09-13 22:46:47'),(33,9,1,'2009-07-30 18:29:09','1972-01-27 19:50:15','2005-04-01 16:52:30','2020-09-13 22:46:47'),(33,20,1,'2013-07-25 11:43:36','1996-04-01 22:33:11','2006-08-05 18:28:17','2020-09-13 22:46:47'),(34,74,2,'1981-07-16 04:17:26','2010-02-06 09:48:30','2012-10-16 14:53:37','2020-09-13 22:46:47'),(35,9,1,'2010-09-17 18:44:10','1986-10-21 23:20:07','1998-08-14 23:51:21','2020-09-13 22:46:47'),(36,24,3,'1987-10-09 16:24:53','1980-10-28 11:42:07','1970-04-23 06:56:14','2020-09-13 22:46:47'),(38,91,2,'2017-01-27 12:39:00','1975-01-27 05:53:23','2000-10-04 02:57:48','2020-09-13 22:46:47'),(38,93,2,'2001-05-21 01:34:01','1971-10-08 11:18:20','1978-05-29 20:34:45','2020-09-13 22:46:47'),(39,75,3,'2009-05-28 17:56:50','1979-09-11 10:47:48','2014-05-20 02:31:44','2020-09-13 22:46:47'),(40,2,2,'1992-01-19 09:52:00','1975-06-25 15:54:44','1988-07-06 21:21:24','2020-09-13 22:46:47'),(40,83,1,'2009-12-25 13:40:28','2005-01-22 05:08:56','2003-12-08 08:17:14','2020-09-13 22:46:47'),(44,11,2,'2006-11-21 08:59:27','2000-05-04 06:01:34','1976-03-14 23:14:13','2020-09-13 22:46:47'),(46,4,1,'1970-02-20 05:22:47','1993-01-21 00:19:32','2000-04-28 14:58:04','2020-09-13 22:46:47'),(47,87,1,'2010-10-11 20:57:13','1998-04-24 10:31:48','1991-07-02 02:40:18','2020-09-13 22:46:47'),(50,22,1,'1980-03-01 23:10:44','1995-06-14 19:11:21','2007-06-13 21:19:52','2020-09-13 22:46:47'),(51,49,3,'1989-11-06 16:19:35','1986-07-19 12:27:43','1986-01-13 02:02:49','2020-09-13 22:46:47'),(54,40,1,'1974-05-09 05:29:29','1973-04-19 08:08:16','1986-11-23 12:46:06','2020-09-13 22:46:47'),(54,77,3,'2009-04-18 06:23:20','1976-05-23 05:19:42','2011-06-03 07:34:42','2020-09-13 22:46:47'),(55,67,1,'1981-11-20 01:00:17','1977-10-28 23:56:15','2015-03-18 02:41:51','2020-09-13 22:46:47'),(56,16,1,'2016-08-01 09:07:34','1971-09-11 04:23:11','1991-06-22 08:03:56','2020-09-13 22:46:47'),(56,79,1,'1973-03-28 07:55:51','2007-11-20 02:23:25','1989-07-20 23:35:52','2020-09-13 22:46:47'),(57,44,1,'2006-05-03 11:53:41','1973-01-05 06:25:07','1998-08-12 17:14:08','2020-09-13 22:46:47'),(58,81,2,'2009-01-07 11:30:47','2013-01-16 23:55:01','1995-02-22 03:51:05','2020-09-13 22:46:47'),(59,36,3,'2002-05-23 03:11:23','2010-04-10 14:56:27','1974-09-25 08:43:19','2020-09-13 22:46:47'),(59,76,1,'1970-04-26 21:45:46','1984-11-23 20:19:09','1984-04-30 19:22:39','2020-09-13 22:44:32'),(60,51,2,'2004-09-05 16:38:54','1986-11-18 19:38:51','2005-08-11 13:46:47','2020-09-13 22:46:47'),(60,52,2,'1970-10-15 09:26:50','2003-09-23 17:44:46','1984-08-03 08:04:58','2020-09-13 22:46:47'),(61,97,3,'2011-03-29 16:33:46','2013-03-03 06:22:56','2005-12-19 03:12:50','2020-09-13 22:46:47'),(62,33,3,'1973-04-27 08:15:20','1972-12-08 06:02:04','1988-12-08 17:25:58','2020-09-13 22:46:47'),(63,15,3,'1986-11-29 08:57:36','2008-03-30 15:10:17','1976-01-04 17:14:43','2020-09-13 22:46:47'),(63,67,2,'1977-04-20 06:30:57','2006-09-26 17:16:22','1983-08-29 00:26:38','2020-09-13 22:46:47'),(63,71,3,'1991-10-06 00:25:25','1975-06-10 12:24:48','1978-07-08 01:38:11','2020-09-13 22:46:47'),(63,73,2,'1990-09-19 15:36:11','2016-10-12 13:35:04','1981-08-20 04:52:09','2020-09-13 22:46:47'),(66,11,2,'2010-03-29 03:39:37','2005-01-23 14:14:44','1977-06-22 00:30:05','2020-09-13 22:46:47'),(67,42,2,'2002-01-19 01:29:50','1998-09-05 05:33:02','1991-06-22 02:22:59','2020-09-13 22:46:47'),(67,77,2,'1990-05-12 14:46:42','1975-07-03 03:23:27','1972-06-30 07:20:35','2020-09-13 22:46:47'),(68,51,3,'1996-10-09 16:47:21','2003-11-08 00:40:18','1993-11-14 21:19:35','2020-09-13 22:46:47'),(68,56,2,'1976-07-05 10:19:14','2014-06-01 13:45:46','1996-08-02 17:58:14','2020-09-13 22:44:32'),(69,75,1,'1978-01-24 07:09:44','2000-01-25 00:08:06','2001-06-29 15:26:30','2020-09-13 22:46:47'),(69,86,3,'1995-11-11 17:22:44','2012-06-07 10:12:11','2015-12-15 15:42:04','2020-09-13 22:46:47'),(70,16,1,'1972-04-23 10:15:07','1996-02-27 05:44:29','1970-05-08 05:19:52','2020-09-13 22:46:47'),(71,38,3,'2002-01-17 23:20:19','2016-03-11 14:13:59','1977-05-01 18:11:26','2020-09-13 22:46:47'),(71,58,3,'2009-10-14 13:57:03','2017-01-05 08:53:06','1994-08-20 14:14:26','2020-09-13 22:46:47'),(74,15,2,'2006-01-13 16:59:40','2017-11-17 18:36:35','2004-04-04 11:26:31','2020-09-13 22:46:47'),(75,63,3,'1977-05-30 04:41:14','1973-11-06 13:24:46','2009-04-21 03:00:02','2020-09-13 22:46:47'),(75,67,2,'1981-08-17 21:28:21','2008-05-11 17:14:30','1986-04-10 18:56:51','2020-09-13 22:46:47'),(80,38,2,'1972-09-16 01:52:51','1982-07-23 03:59:19','2009-12-27 00:46:51','2020-09-13 22:46:47'),(80,48,1,'2002-02-24 04:32:02','2006-10-05 15:36:55','2008-04-08 03:51:55','2020-09-13 22:46:47'),(81,44,1,'2003-11-13 22:24:32','1988-02-14 03:42:53','1974-08-02 04:19:42','2020-09-13 22:46:47'),(82,6,1,'2004-02-09 21:36:54','2008-11-27 18:15:33','1994-06-23 15:20:04','2020-09-13 22:46:47'),(82,96,2,'2010-06-14 16:30:20','2001-11-02 05:20:39','2016-03-01 04:43:53','2020-09-13 22:46:47'),(83,61,2,'2008-10-02 19:07:20','1984-11-21 15:31:11','1971-02-08 03:38:33','2020-09-13 22:46:47'),(84,19,3,'1986-04-13 14:58:36','2005-09-06 14:03:02','2000-09-29 21:27:33','2020-09-13 22:46:47'),(85,12,1,'1999-03-09 21:10:11','1977-09-16 01:34:13','2002-05-25 12:50:34','2020-09-13 22:46:47'),(86,2,1,'1984-11-19 19:16:38','1994-07-20 23:43:36','2008-06-02 21:04:01','2020-09-13 22:46:47'),(87,72,1,'2014-08-21 09:24:00','1990-03-30 15:48:02','2010-03-29 14:33:56','2020-09-13 22:46:47'),(90,56,1,'1988-08-25 11:07:04','2004-12-13 02:14:15','2001-01-17 22:36:41','2020-09-13 22:46:47'),(91,63,1,'1970-06-13 17:36:41','1988-05-24 08:25:37','1978-10-23 20:47:34','2020-09-13 22:46:47'),(93,39,2,'2018-10-07 17:26:14','2014-12-19 19:42:41','2004-08-12 02:17:22','2020-09-13 22:46:47'),(93,46,3,'1976-06-12 04:04:35','1993-04-27 15:45:36','1985-06-27 17:51:36','2020-09-13 22:46:47'),(97,57,1,'1976-11-17 02:45:09','1997-10-01 09:06:12','2013-06-23 18:30:46','2020-09-13 22:46:47'),(99,70,2,'1994-09-24 18:46:53','2018-11-22 16:37:09','1979-03-12 19:50:26','2020-09-13 22:46:47'),(100,77,2,'2002-02-18 03:54:20','1982-07-12 01:53:56','2013-01-25 21:57:13','2020-09-13 22:46:47');
/*!40000 ALTER TABLE `friendships` ENABLE KEYS */;
UNLOCK TABLES;

--
-- Table structure for table `media`
--

DROP TABLE IF EXISTS `media`;
/*!40101 SET @saved_cs_client     = @@character_set_client */;
/*!50503 SET character_set_client = utf8mb4 */;
CREATE TABLE `media` (
  `id` int unsigned NOT NULL AUTO_INCREMENT COMMENT 'Идентификатор строки',
  `user_id` int unsigned NOT NULL COMMENT 'Ссылка на пользователя, который загрузил файл',
  `filename` varchar(255) CHARACTER SET utf8 COLLATE utf8_unicode_ci NOT NULL COMMENT 'Путь к файлу',
  `size` int NOT NULL COMMENT 'Размер файла',
  `metadata` json DEFAULT NULL,
  `media_type_id` int unsigned NOT NULL COMMENT 'Ссылка на тип контента',
  `created_at` datetime DEFAULT CURRENT_TIMESTAMP COMMENT 'Время создания строки',
  `updated_at` datetime DEFAULT CURRENT_TIMESTAMP ON UPDATE CURRENT_TIMESTAMP COMMENT 'Время обновления строки',
  PRIMARY KEY (`id`),
  CONSTRAINT `media_chk_1` CHECK (json_valid(`metadata`))
) ENGINE=InnoDB AUTO_INCREMENT=101 DEFAULT CHARSET=utf8 COLLATE=utf8_unicode_ci COMMENT='Медиафайлы';
/*!40101 SET character_set_client = @saved_cs_client */;

--
-- Dumping data for table `media`
--

LOCK TABLES `media` WRITE;
/*!40000 ALTER TABLE `media` DISABLE KEYS */;
INSERT INTO `media` VALUES (1,70,'http://dropbox.net/vk/eveniet.png',3796691,'{\"owner\": \"Geo Hills\"}',3,'1987-04-28 22:05:43','2020-09-13 22:41:25'),(2,96,'http://dropbox.net/vk/voluptas.png',7541959,'{\"owner\": \"Dorris McKenzie\"}',2,'1989-09-20 03:43:49','2020-09-13 22:41:25'),(3,70,'http://dropbox.net/vk/possimus.png',294815,'{\"owner\": \"Geo Hills\"}',2,'1989-10-04 16:40:37','2020-09-13 22:41:25'),(4,61,'http://dropbox.net/vk/qui.avi',78736,'{\"owner\": \"Eunice Torp\"}',1,'1983-06-25 02:54:19','2020-09-13 22:41:25'),(5,95,'http://dropbox.net/vk/enim.jpeg',86910,'{\"owner\": \"Shanna Champlin\"}',1,'1989-04-13 10:12:30','2020-09-13 22:41:25'),(6,92,'http://dropbox.net/vk/ipsum.png',751628,'{\"owner\": \"Kade Larson\"}',3,'1993-11-14 21:26:19','2020-09-13 22:41:25'),(7,73,'http://dropbox.net/vk/similique.png',950496,'{\"owner\": \"Arlo Keeling\"}',2,'1980-05-14 13:11:58','2020-09-13 22:41:25'),(8,89,'http://dropbox.net/vk/perspiciatis.avi',2116604,'{\"owner\": \"Dina Mertz\"}',2,'2006-11-01 03:30:42','2020-09-13 22:41:25'),(9,25,'http://dropbox.net/vk/non.avi',7039,'{\"owner\": \"Agustina Rath\"}',2,'2007-03-23 10:34:54','2020-09-13 22:41:25'),(10,58,'http://dropbox.net/vk/sunt.png',5787,'{\"owner\": \"Jennings Stiedemann\"}',2,'1979-02-17 00:07:44','2020-09-13 22:41:25'),(11,13,'http://dropbox.net/vk/iure.jpeg',3685243,'{\"owner\": \"Terrence White\"}',3,'1970-12-05 11:01:02','2020-09-13 22:41:25'),(12,92,'http://dropbox.net/vk/repellat.png',960746,'{\"owner\": \"Kade Larson\"}',2,'1972-01-21 00:56:32','2020-09-13 22:41:25'),(13,21,'http://dropbox.net/vk/qui.jpeg',30770675,'{\"owner\": \"Perry Bailey\"}',3,'1996-09-21 07:06:48','2020-09-13 22:41:25'),(14,29,'http://dropbox.net/vk/illum.jpeg',314718,'{\"owner\": \"Loyce Larkin\"}',1,'1987-08-19 19:49:46','2020-09-13 22:41:25'),(15,80,'http://dropbox.net/vk/omnis.png',8446548,'{\"owner\": \"Ellsworth Hermann\"}',1,'1970-07-17 16:50:25','2020-09-13 22:41:25'),(16,14,'http://dropbox.net/vk/nostrum.png',9967854,'{\"owner\": \"Zechariah Botsford\"}',3,'2000-07-07 18:29:53','2020-09-13 22:41:25'),(17,31,'http://dropbox.net/vk/adipisci.jpeg',139849,'{\"owner\": \"Vincenza Dietrich\"}',3,'1974-03-15 14:26:35','2020-09-13 22:41:25'),(18,10,'http://dropbox.net/vk/quaerat.avi',78661,'{\"owner\": \"Ephraim Zulauf\"}',2,'2019-08-02 02:34:37','2020-09-13 22:41:25'),(19,55,'http://dropbox.net/vk/autem.png',799423070,'{\"owner\": \"Steve Dicki\"}',3,'2009-08-06 22:59:29','2020-09-13 22:41:25'),(20,47,'http://dropbox.net/vk/autem.png',818854,'{\"owner\": \"Ezequiel Ebert\"}',1,'1973-12-11 15:07:20','2020-09-13 22:41:25'),(21,67,'http://dropbox.net/vk/quia.png',4769,'{\"owner\": \"Avery Weissnat\"}',1,'1984-04-22 03:28:44','2020-09-13 22:41:25'),(22,97,'http://dropbox.net/vk/sit.jpeg',60782866,'{\"owner\": \"Ashly Schamberger\"}',2,'1988-09-16 16:01:20','2020-09-13 22:41:25'),(23,81,'http://dropbox.net/vk/nam.jpeg',614385199,'{\"owner\": \"Itzel Grimes\"}',2,'1982-08-22 20:12:50','2020-09-13 22:41:25'),(24,15,'http://dropbox.net/vk/quae.png',796908630,'{\"owner\": \"Ada Denesik\"}',1,'1990-09-03 06:03:56','2020-09-13 22:41:25'),(25,33,'http://dropbox.net/vk/magni.png',7721532,'{\"owner\": \"Jo Kautzer\"}',1,'2011-06-30 04:54:47','2020-09-13 22:41:25'),(26,17,'http://dropbox.net/vk/aut.avi',692083,'{\"owner\": \"Jacynthe Cruickshank\"}',2,'1999-04-07 05:13:29','2020-09-13 22:41:25'),(27,85,'http://dropbox.net/vk/rerum.avi',4489629,'{\"owner\": \"Lambert Gleichner\"}',1,'1998-02-05 06:07:24','2020-09-13 22:41:25'),(28,74,'http://dropbox.net/vk/aperiam.png',8670,'{\"owner\": \"Emmalee Heidenreich\"}',3,'2002-08-09 14:46:20','2020-09-13 22:41:25'),(29,13,'http://dropbox.net/vk/ipsa.jpeg',5838,'{\"owner\": \"Terrence White\"}',1,'1970-07-14 23:59:02','2020-09-13 22:41:25'),(30,45,'http://dropbox.net/vk/eius.png',4827,'{\"owner\": \"Isai Nader\"}',2,'2010-10-23 15:59:11','2020-09-13 22:41:25'),(31,83,'http://dropbox.net/vk/veniam.avi',698463041,'{\"owner\": \"Daryl Adams\"}',2,'1972-06-26 11:39:34','2020-09-13 22:41:25'),(32,80,'http://dropbox.net/vk/quia.jpeg',2247848,'{\"owner\": \"Ellsworth Hermann\"}',1,'1986-02-17 04:30:23','2020-09-13 22:41:25'),(33,52,'http://dropbox.net/vk/deserunt.avi',1879198,'{\"owner\": \"Heaven Ledner\"}',2,'1976-06-21 05:42:12','2020-09-13 22:41:25'),(34,20,'http://dropbox.net/vk/sint.avi',8064644,'{\"owner\": \"Maeve Rath\"}',3,'2004-02-04 19:43:26','2020-09-13 22:41:25'),(35,44,'http://dropbox.net/vk/et.jpeg',18004,'{\"owner\": \"Katrina Kuphal\"}',3,'2006-07-18 06:39:34','2020-09-13 22:41:25'),(36,59,'http://dropbox.net/vk/neque.png',5624,'{\"owner\": \"Florida McDermott\"}',2,'1985-02-06 11:43:01','2020-09-13 22:41:25'),(37,62,'http://dropbox.net/vk/vel.png',2976398,'{\"owner\": \"Rosalia Raynor\"}',1,'1991-12-03 16:06:44','2020-09-13 22:41:25'),(38,32,'http://dropbox.net/vk/sint.png',20536146,'{\"owner\": \"Kayden Ratke\"}',1,'2007-06-20 05:15:07','2020-09-13 22:41:25'),(39,72,'http://dropbox.net/vk/eius.png',9878,'{\"owner\": \"Nathanial Franecki\"}',1,'1980-07-23 20:32:51','2020-09-13 22:41:25'),(40,64,'http://dropbox.net/vk/vitae.avi',3569678,'{\"owner\": \"D\'angelo Botsford\"}',2,'2019-03-13 18:25:16','2020-09-13 22:41:25'),(41,6,'http://dropbox.net/vk/a.jpeg',2534583,'{\"owner\": \"Berniece Jacobs\"}',2,'1999-07-20 08:15:25','2020-09-13 22:41:25'),(42,36,'http://dropbox.net/vk/recusandae.png',3644460,'{\"owner\": \"Rhiannon Muller\"}',3,'2009-04-24 21:41:13','2020-09-13 22:41:25'),(43,62,'http://dropbox.net/vk/saepe.png',17039575,'{\"owner\": \"Rosalia Raynor\"}',2,'1986-05-10 10:57:53','2020-09-13 22:41:25'),(44,2,'http://dropbox.net/vk/vitae.jpeg',1528,'{\"owner\": \"Junior Koelpin\"}',2,'1996-03-11 19:54:19','2020-09-13 22:41:25'),(45,21,'http://dropbox.net/vk/modi.png',4366,'{\"owner\": \"Perry Bailey\"}',1,'2000-11-20 21:07:41','2020-09-13 22:41:25'),(46,100,'http://dropbox.net/vk/voluptatem.jpeg',7503268,'{\"owner\": \"Van Doyle\"}',1,'1970-06-01 03:53:10','2020-09-13 22:41:25'),(47,36,'http://dropbox.net/vk/nesciunt.jpeg',389369,'{\"owner\": \"Rhiannon Muller\"}',3,'1995-08-26 05:13:28','2020-09-13 22:41:25'),(48,80,'http://dropbox.net/vk/optio.avi',6572959,'{\"owner\": \"Ellsworth Hermann\"}',2,'2014-04-16 22:09:25','2020-09-13 22:41:25'),(49,90,'http://dropbox.net/vk/reiciendis.jpeg',344992,'{\"owner\": \"Kitty VonRueden\"}',2,'1992-12-06 05:32:16','2020-09-13 22:41:25'),(50,11,'http://dropbox.net/vk/modi.jpeg',1996085,'{\"owner\": \"Kennedi Wyman\"}',1,'1982-12-14 20:32:00','2020-09-13 22:41:25'),(51,86,'http://dropbox.net/vk/perferendis.jpeg',90645,'{\"owner\": \"Adelbert Hammes\"}',1,'1981-07-27 22:28:35','2020-09-13 22:41:25'),(52,96,'http://dropbox.net/vk/hic.jpeg',8935449,'{\"owner\": \"Dorris McKenzie\"}',2,'1994-04-15 11:12:02','2020-09-13 22:41:25'),(53,20,'http://dropbox.net/vk/quidem.png',8678991,'{\"owner\": \"Maeve Rath\"}',1,'1978-09-25 14:34:11','2020-09-13 22:41:25'),(54,13,'http://dropbox.net/vk/quisquam.avi',18929,'{\"owner\": \"Terrence White\"}',1,'2015-05-14 11:26:58','2020-09-13 22:41:25'),(55,4,'http://dropbox.net/vk/in.jpeg',6578610,'{\"owner\": \"August Sauer\"}',3,'2008-03-29 21:02:37','2020-09-13 22:41:25'),(56,80,'http://dropbox.net/vk/aut.png',910934007,'{\"owner\": \"Ellsworth Hermann\"}',1,'2008-09-03 04:55:00','2020-09-13 22:41:25'),(57,86,'http://dropbox.net/vk/expedita.png',6846076,'{\"owner\": \"Adelbert Hammes\"}',1,'2017-10-08 02:53:55','2020-09-13 22:41:25'),(58,92,'http://dropbox.net/vk/ea.jpeg',4484552,'{\"owner\": \"Kade Larson\"}',1,'1986-12-13 22:15:17','2020-09-13 22:41:25'),(59,1,'http://dropbox.net/vk/consectetur.avi',732462,'{\"owner\": \"Xavier Schiller\"}',1,'1971-10-17 03:41:47','2020-09-13 22:41:25'),(60,29,'http://dropbox.net/vk/corporis.png',3403985,'{\"owner\": \"Loyce Larkin\"}',2,'2005-01-01 21:29:33','2020-09-13 22:41:25'),(61,39,'http://dropbox.net/vk/quo.jpeg',1874531,'{\"owner\": \"Leatha Kub\"}',2,'1988-08-25 18:23:40','2020-09-13 22:41:25'),(62,10,'http://dropbox.net/vk/ut.avi',5909002,'{\"owner\": \"Ephraim Zulauf\"}',3,'2004-04-16 07:32:44','2020-09-13 22:41:25'),(63,34,'http://dropbox.net/vk/provident.avi',4108,'{\"owner\": \"Fannie Hane\"}',3,'2008-06-18 08:03:44','2020-09-13 22:41:25'),(64,36,'http://dropbox.net/vk/cumque.jpeg',554776,'{\"owner\": \"Rhiannon Muller\"}',2,'1979-10-21 11:46:36','2020-09-13 22:41:25'),(65,80,'http://dropbox.net/vk/molestias.avi',6374458,'{\"owner\": \"Ellsworth Hermann\"}',2,'2014-01-02 09:26:49','2020-09-13 22:41:25'),(66,91,'http://dropbox.net/vk/consequatur.png',87771470,'{\"owner\": \"Grant Dibbert\"}',3,'1996-12-17 03:30:41','2020-09-13 22:41:25'),(67,15,'http://dropbox.net/vk/consequatur.png',856757590,'{\"owner\": \"Ada Denesik\"}',1,'2017-01-09 01:46:05','2020-09-13 22:41:25'),(68,100,'http://dropbox.net/vk/quia.png',58016,'{\"owner\": \"Van Doyle\"}',1,'1972-06-18 01:13:18','2020-09-13 22:41:25'),(69,55,'http://dropbox.net/vk/consequatur.jpeg',74968,'{\"owner\": \"Steve Dicki\"}',3,'2010-07-13 16:25:28','2020-09-13 22:41:25'),(70,73,'http://dropbox.net/vk/iusto.jpeg',2527,'{\"owner\": \"Arlo Keeling\"}',1,'2005-06-10 03:48:51','2020-09-13 22:41:25'),(71,2,'http://dropbox.net/vk/perspiciatis.avi',6447510,'{\"owner\": \"Junior Koelpin\"}',2,'1989-07-14 19:19:03','2020-09-13 22:41:25'),(72,91,'http://dropbox.net/vk/rerum.avi',9194029,'{\"owner\": \"Grant Dibbert\"}',1,'2009-06-15 06:27:02','2020-09-13 22:41:25'),(73,46,'http://dropbox.net/vk/delectus.png',989573656,'{\"owner\": \"Arvid Block\"}',1,'2006-11-25 23:07:04','2020-09-13 22:41:25'),(74,57,'http://dropbox.net/vk/saepe.jpeg',3911416,'{\"owner\": \"Enola Treutel\"}',3,'2011-05-06 15:30:59','2020-09-13 22:41:25'),(75,48,'http://dropbox.net/vk/dolorum.jpeg',2433,'{\"owner\": \"Peggie Jakubowski\"}',3,'2000-03-05 07:26:31','2020-09-13 22:41:25'),(76,67,'http://dropbox.net/vk/iure.avi',862298313,'{\"owner\": \"Avery Weissnat\"}',2,'1998-12-09 15:02:45','2020-09-13 22:41:25'),(77,89,'http://dropbox.net/vk/est.png',850000,'{\"owner\": \"Dina Mertz\"}',1,'2012-04-14 16:36:42','2020-09-13 22:41:25'),(78,46,'http://dropbox.net/vk/quasi.jpeg',98248,'{\"owner\": \"Arvid Block\"}',2,'2018-03-25 14:16:05','2020-09-13 22:41:25'),(79,62,'http://dropbox.net/vk/consectetur.png',247702,'{\"owner\": \"Rosalia Raynor\"}',1,'2003-05-05 09:36:10','2020-09-13 22:41:25'),(80,70,'http://dropbox.net/vk/repudiandae.jpeg',1820077,'{\"owner\": \"Geo Hills\"}',3,'2017-04-03 00:27:33','2020-09-13 22:41:25'),(81,65,'http://dropbox.net/vk/rem.avi',902733,'{\"owner\": \"Curt Krajcik\"}',1,'1987-05-05 14:03:40','2020-09-13 22:41:25'),(82,15,'http://dropbox.net/vk/totam.avi',7356137,'{\"owner\": \"Ada Denesik\"}',1,'1974-03-01 16:42:59','2020-09-13 22:41:25'),(83,77,'http://dropbox.net/vk/delectus.jpeg',1310455,'{\"owner\": \"Margie Weissnat\"}',1,'2006-02-08 16:48:05','2020-09-13 22:41:25'),(84,41,'http://dropbox.net/vk/error.png',801941158,'{\"owner\": \"Janie Bernhard\"}',1,'1976-04-13 22:12:57','2020-09-13 22:41:25'),(85,75,'http://dropbox.net/vk/fuga.avi',4473863,'{\"owner\": \"Lisa Runolfsdottir\"}',3,'2019-07-07 16:09:20','2020-09-13 22:41:25'),(86,50,'http://dropbox.net/vk/ea.png',8427952,'{\"owner\": \"Emie Buckridge\"}',3,'1997-08-19 10:56:19','2020-09-13 22:41:25'),(87,23,'http://dropbox.net/vk/odit.avi',8708173,'{\"owner\": \"Norbert Konopelski\"}',2,'1993-07-31 13:21:30','2020-09-13 22:41:25'),(88,67,'http://dropbox.net/vk/quo.avi',21387672,'{\"owner\": \"Avery Weissnat\"}',1,'2012-12-07 23:45:32','2020-09-13 22:41:25'),(89,64,'http://dropbox.net/vk/hic.jpeg',7364362,'{\"owner\": \"D\'angelo Botsford\"}',2,'1980-10-23 21:57:01','2020-09-13 22:41:25'),(90,20,'http://dropbox.net/vk/dicta.jpeg',871490714,'{\"owner\": \"Maeve Rath\"}',2,'2015-10-19 10:27:40','2020-09-13 22:41:25'),(91,6,'http://dropbox.net/vk/nostrum.avi',97677,'{\"owner\": \"Berniece Jacobs\"}',2,'1986-01-01 22:21:02','2020-09-13 22:41:25'),(92,70,'http://dropbox.net/vk/animi.jpeg',8247010,'{\"owner\": \"Geo Hills\"}',1,'2003-01-02 01:09:11','2020-09-13 22:41:25'),(93,30,'http://dropbox.net/vk/culpa.jpeg',8619,'{\"owner\": \"Keaton Bartell\"}',1,'1984-07-08 21:17:12','2020-09-13 22:41:25'),(94,39,'http://dropbox.net/vk/rerum.avi',2192,'{\"owner\": \"Leatha Kub\"}',2,'1975-03-01 05:11:59','2020-09-13 22:41:25'),(95,4,'http://dropbox.net/vk/magnam.png',52809825,'{\"owner\": \"August Sauer\"}',2,'2011-11-25 15:39:54','2020-09-13 22:41:25'),(96,5,'http://dropbox.net/vk/consequatur.png',638693370,'{\"owner\": \"Adriel Huels\"}',2,'2020-05-06 09:16:41','2020-09-13 22:41:25'),(97,11,'http://dropbox.net/vk/enim.png',8356395,'{\"owner\": \"Kennedi Wyman\"}',3,'1988-01-10 12:28:28','2020-09-13 22:41:25'),(98,42,'http://dropbox.net/vk/aut.jpeg',5100532,'{\"owner\": \"Lola Terry\"}',1,'2015-02-23 11:56:38','2020-09-13 22:41:25'),(99,75,'http://dropbox.net/vk/voluptatem.png',4189889,'{\"owner\": \"Lisa Runolfsdottir\"}',1,'1974-03-15 22:14:58','2020-09-13 22:41:25'),(100,47,'http://dropbox.net/vk/voluptatem.jpeg',27125,'{\"owner\": \"Ezequiel Ebert\"}',1,'2004-10-09 17:41:59','2020-09-13 22:41:25');
/*!40000 ALTER TABLE `media` ENABLE KEYS */;
UNLOCK TABLES;

--
-- Table structure for table `media_types`
--

DROP TABLE IF EXISTS `media_types`;
/*!40101 SET @saved_cs_client     = @@character_set_client */;
/*!50503 SET character_set_client = utf8mb4 */;
CREATE TABLE `media_types` (
  `id` int unsigned NOT NULL AUTO_INCREMENT COMMENT 'Идентификатор строки',
  `name` varchar(255) CHARACTER SET utf8 COLLATE utf8_unicode_ci NOT NULL COMMENT 'Название типа',
  `created_at` datetime DEFAULT CURRENT_TIMESTAMP COMMENT 'Время создания строки',
  `updated_at` datetime DEFAULT CURRENT_TIMESTAMP ON UPDATE CURRENT_TIMESTAMP COMMENT 'Время обновления строки',
  PRIMARY KEY (`id`),
  UNIQUE KEY `name` (`name`)
) ENGINE=InnoDB AUTO_INCREMENT=4 DEFAULT CHARSET=utf8 COLLATE=utf8_unicode_ci COMMENT='Типы медиафайлов';
/*!40101 SET character_set_client = @saved_cs_client */;

--
-- Dumping data for table `media_types`
--

LOCK TABLES `media_types` WRITE;
/*!40000 ALTER TABLE `media_types` DISABLE KEYS */;
INSERT INTO `media_types` VALUES (1,'image','2020-09-13 22:18:05','2020-09-13 22:18:05'),(2,'video','2020-09-13 22:18:05','2020-09-13 22:18:05'),(3,'audio','2020-09-13 22:18:05','2020-09-13 22:18:05');
/*!40000 ALTER TABLE `media_types` ENABLE KEYS */;
UNLOCK TABLES;

--
-- Table structure for table `messages`
--

DROP TABLE IF EXISTS `messages`;
/*!40101 SET @saved_cs_client     = @@character_set_client */;
/*!50503 SET character_set_client = utf8mb4 */;
CREATE TABLE `messages` (
  `id` int unsigned NOT NULL AUTO_INCREMENT COMMENT 'Идентификатор строки',
  `from_user_id` int unsigned NOT NULL COMMENT 'Ссылка на отправителя сообщения',
  `to_user_id` int unsigned NOT NULL COMMENT 'Ссылка на получателя сообщения',
  `body` text CHARACTER SET utf8 COLLATE utf8_unicode_ci NOT NULL COMMENT 'Текст сообщения',
  `is_important` tinyint(1) DEFAULT NULL COMMENT 'Признак важности',
  `is_delivered` tinyint(1) DEFAULT NULL COMMENT 'Признак доставки',
  `created_at` datetime DEFAULT CURRENT_TIMESTAMP COMMENT 'Время создания строки',
  `updated_at` datetime DEFAULT CURRENT_TIMESTAMP ON UPDATE CURRENT_TIMESTAMP COMMENT 'Время обновления строки',
  PRIMARY KEY (`id`)
) ENGINE=InnoDB AUTO_INCREMENT=101 DEFAULT CHARSET=utf8 COLLATE=utf8_unicode_ci COMMENT='Сообщения';
/*!40101 SET character_set_client = @saved_cs_client */;

--
-- Dumping data for table `messages`
--

LOCK TABLES `messages` WRITE;
/*!40000 ALTER TABLE `messages` DISABLE KEYS */;
INSERT INTO `messages` VALUES (1,11,10,'magni',1,1,'2016-03-20 08:26:29','2020-09-13 22:15:21'),(2,52,76,'et',1,0,'1986-07-23 05:23:03','2020-09-13 22:15:21'),(3,24,49,'vitae',1,1,'1970-04-17 02:07:55','2020-09-13 22:15:21'),(4,66,19,'ut',0,0,'2007-09-13 07:29:04','2020-09-13 22:15:21'),(5,55,46,'soluta',1,0,'2014-04-12 13:46:22','2020-09-13 22:15:21'),(6,79,72,'delectus',1,1,'2014-09-08 12:10:37','2020-09-13 22:15:21'),(7,30,23,'voluptatum',0,1,'1988-07-12 12:09:30','2020-09-13 22:15:21'),(8,12,99,'ipsam',1,1,'1995-06-14 11:01:57','2020-09-13 22:15:21'),(9,68,26,'eius',1,0,'1993-06-28 07:58:09','2020-09-13 22:15:21'),(10,5,30,'dolor',0,0,'1985-10-26 07:22:46','2020-09-13 22:15:21'),(11,22,74,'quia',1,1,'1984-12-03 20:26:26','2020-09-13 22:15:21'),(12,92,77,'ullam',0,1,'2008-12-29 17:52:16','2020-09-13 22:15:21'),(13,95,63,'reiciendis',0,0,'1971-08-26 00:42:36','2020-09-13 22:15:21'),(14,99,86,'consequatur',1,1,'1985-12-19 17:35:36','2020-09-13 22:15:21'),(15,8,38,'neque',1,1,'1970-12-13 04:33:59','2020-09-13 22:15:21'),(16,41,34,'reiciendis',1,1,'1994-06-10 04:50:03','2020-09-13 22:15:21'),(17,82,54,'optio',1,1,'2015-12-12 19:34:38','2020-09-13 22:15:21'),(18,88,67,'aut',0,0,'1979-06-18 15:12:44','2020-09-13 22:15:21'),(19,94,75,'nemo',1,1,'2007-03-24 02:54:30','2020-09-13 22:15:21'),(20,4,70,'quis',0,1,'1974-06-21 23:08:25','2020-09-13 22:15:21'),(21,38,27,'velit',1,1,'2008-12-24 12:39:20','2020-09-13 22:15:21'),(22,77,25,'voluptatibus',1,0,'1985-03-16 23:18:21','2020-09-13 22:15:21'),(23,69,42,'neque',1,0,'1998-01-07 15:31:39','2020-09-13 22:15:21'),(24,17,34,'fugit',0,1,'1980-09-24 19:40:04','2020-09-13 22:15:21'),(25,75,44,'ea',0,1,'1997-12-15 07:17:32','2020-09-13 22:15:21'),(26,24,17,'perferendis',1,1,'2003-02-09 07:14:24','2020-09-13 22:15:21'),(27,95,53,'id',1,1,'2014-04-26 05:30:45','2020-09-13 22:15:21'),(28,1,14,'omnis',0,1,'1990-07-10 01:45:05','2020-09-13 22:15:21'),(29,19,9,'quaerat',1,1,'1994-02-20 14:19:43','2020-09-13 22:15:21'),(30,94,2,'qui',0,0,'1976-04-24 02:29:47','2020-09-13 22:15:21'),(31,11,82,'natus',0,1,'1970-08-13 00:40:28','2020-09-13 22:15:21'),(32,74,4,'quos',0,0,'1985-12-12 11:25:46','2020-09-13 22:15:21'),(33,38,73,'dicta',0,1,'2011-11-29 09:30:42','2020-09-13 22:15:21'),(34,64,54,'qui',1,1,'1981-03-26 04:21:51','2020-09-13 22:15:21'),(35,8,50,'fugit',1,1,'2007-10-06 22:00:07','2020-09-13 22:15:21'),(36,49,89,'vitae',1,1,'1987-04-13 21:57:45','2020-09-13 22:15:21'),(37,18,95,'in',0,0,'1977-12-09 17:38:12','2020-09-13 22:15:21'),(38,42,7,'accusantium',1,0,'1973-06-24 21:59:46','2020-09-13 22:15:21'),(39,54,47,'cum',1,0,'2017-07-29 18:12:39','2020-09-13 22:15:21'),(40,46,16,'ut',0,0,'2006-06-07 17:10:19','2020-09-13 22:15:21'),(41,67,39,'temporibus',0,1,'1980-10-23 09:29:08','2020-09-13 22:15:21'),(42,95,47,'quae',1,0,'1977-12-08 15:37:19','2020-09-13 22:15:21'),(43,73,15,'non',1,0,'2015-03-02 04:23:52','2020-09-13 22:15:21'),(44,80,33,'voluptas',0,1,'2005-12-21 01:25:30','2020-09-13 22:15:21'),(45,80,22,'quidem',1,0,'1974-12-27 09:46:59','2020-09-13 22:15:21'),(46,62,8,'voluptatem',1,0,'1995-08-06 01:01:32','2020-09-13 22:15:21'),(47,69,72,'dolor',1,0,'1985-10-06 13:23:41','2020-09-13 22:15:21'),(48,57,39,'ad',0,1,'2004-07-18 22:57:14','2020-09-13 22:15:21'),(49,77,78,'repudiandae',1,1,'2016-05-16 15:39:27','2020-09-13 22:15:21'),(50,16,71,'dolor',0,1,'1979-08-15 10:58:49','2020-09-13 22:15:21'),(51,48,23,'omnis',0,1,'1973-12-27 12:19:55','2020-09-13 22:15:21'),(52,91,1,'aut',0,1,'1984-07-22 16:19:39','2020-09-13 22:15:21'),(53,12,37,'non',1,1,'2018-01-04 03:17:13','2020-09-13 22:15:21'),(54,86,78,'ipsam',0,1,'1975-03-27 13:49:45','2020-09-13 22:15:21'),(55,93,81,'impedit',1,1,'1984-03-22 01:34:08','2020-09-13 22:15:21'),(56,6,69,'inventore',0,1,'1985-05-27 08:20:46','2020-09-13 22:15:21'),(57,49,4,'autem',0,0,'2018-03-28 18:41:21','2020-09-13 22:15:21'),(58,27,10,'harum',1,1,'2019-02-11 09:03:47','2020-09-13 22:15:21'),(59,87,36,'quia',0,0,'1998-01-25 19:15:56','2020-09-13 22:15:21'),(60,56,52,'magni',0,0,'1990-03-19 05:03:06','2020-09-13 22:15:21'),(61,18,51,'est',1,0,'1971-07-05 06:59:40','2020-09-13 22:15:21'),(62,21,100,'occaecati',1,0,'1978-04-22 05:42:58','2020-09-13 22:15:21'),(63,51,47,'aut',0,0,'1984-07-12 22:13:16','2020-09-13 22:15:21'),(64,93,32,'omnis',1,0,'1991-04-27 07:44:42','2020-09-13 22:15:21'),(65,11,20,'sed',1,0,'2017-12-04 09:52:41','2020-09-13 22:15:21'),(66,75,3,'et',1,1,'2004-08-16 16:07:03','2020-09-13 22:15:21'),(67,40,53,'nihil',0,0,'1975-05-18 03:38:41','2020-09-13 22:15:21'),(68,74,56,'consequatur',1,1,'2010-06-24 22:08:46','2020-09-13 22:15:21'),(69,52,22,'est',0,1,'2007-05-06 11:02:03','2020-09-13 22:15:21'),(70,37,42,'magnam',0,1,'1975-05-01 15:29:38','2020-09-13 22:15:21'),(71,30,43,'rerum',0,0,'1983-07-31 08:12:08','2020-09-13 22:15:21'),(72,37,88,'ipsa',1,1,'2010-11-29 14:11:23','2020-09-13 22:15:21'),(73,96,9,'enim',1,0,'2001-03-31 05:18:22','2020-09-13 22:15:21'),(74,66,83,'voluptatem',1,1,'1979-07-15 06:12:47','2020-09-13 22:15:21'),(75,42,85,'assumenda',0,0,'2020-07-06 02:40:59','2020-09-13 22:15:21'),(76,13,77,'eius',1,0,'1979-04-21 14:11:56','2020-09-13 22:15:21'),(77,40,27,'omnis',1,1,'1986-08-21 01:06:03','2020-09-13 22:15:21'),(78,57,7,'quam',0,1,'2013-09-27 21:54:33','2020-09-13 22:15:21'),(79,67,52,'officia',0,0,'2010-05-26 06:23:47','2020-09-13 22:15:21'),(80,64,39,'consequatur',0,1,'1989-07-13 22:57:36','2020-09-13 22:15:21'),(81,19,37,'sapiente',1,0,'1994-08-30 03:52:32','2020-09-13 22:15:21'),(82,4,69,'eaque',1,1,'1993-11-03 22:22:39','2020-09-13 22:15:21'),(83,59,35,'mollitia',0,1,'1977-09-12 04:13:21','2020-09-13 22:15:21'),(84,85,66,'aspernatur',0,1,'1997-07-22 20:11:25','2020-09-13 22:15:21'),(85,46,25,'facere',1,1,'1991-09-26 06:36:59','2020-09-13 22:15:21'),(86,73,25,'cupiditate',1,0,'2018-11-23 08:57:05','2020-09-13 22:15:21'),(87,28,49,'expedita',1,1,'1982-11-07 23:32:19','2020-09-13 22:15:21'),(88,21,71,'harum',1,0,'1988-06-15 01:45:38','2020-09-13 22:15:21'),(89,19,6,'ratione',0,0,'2008-08-28 02:58:12','2020-09-13 22:15:21'),(90,33,18,'ea',0,1,'1991-08-14 07:24:30','2020-09-13 22:15:21'),(91,8,72,'similique',0,1,'2016-08-05 01:41:45','2020-09-13 22:15:21'),(92,40,4,'dolore',0,1,'2017-03-17 02:34:42','2020-09-13 22:15:21'),(93,75,4,'quo',0,1,'1994-08-13 23:18:27','2020-09-13 22:15:21'),(94,57,9,'reprehenderit',0,1,'1974-08-30 17:12:37','2020-09-13 22:15:21'),(95,56,30,'officia',0,0,'2000-03-23 03:14:19','2020-09-13 22:15:21'),(96,11,25,'facilis',0,1,'1985-06-18 13:26:22','2020-09-13 22:15:21'),(97,86,34,'ullam',1,1,'2004-08-08 05:02:14','2020-09-13 22:15:21'),(98,94,94,'est',0,0,'1971-08-04 23:10:15','2020-09-13 22:15:21'),(99,15,68,'sunt',1,0,'1980-12-22 14:19:39','2020-09-13 22:15:21'),(100,91,59,'qui',1,0,'1993-12-17 11:23:47','2020-09-13 22:15:21');
/*!40000 ALTER TABLE `messages` ENABLE KEYS */;
UNLOCK TABLES;

--
-- Table structure for table `profiles`
--

DROP TABLE IF EXISTS `profiles`;
/*!40101 SET @saved_cs_client     = @@character_set_client */;
/*!50503 SET character_set_client = utf8mb4 */;
CREATE TABLE `profiles` (
  `user_id` int unsigned NOT NULL COMMENT 'Ссылка на пользователя',
  `gender` char(1) CHARACTER SET utf8 COLLATE utf8_unicode_ci NOT NULL COMMENT 'Пол',
  `birthday` date DEFAULT NULL COMMENT 'Дата рождения',
  `photo_id` int unsigned DEFAULT NULL COMMENT 'Ссылка на основную фотографию пользователя',
  `user_status_id` int unsigned DEFAULT NULL,
  `city` varchar(130) CHARACTER SET utf8 COLLATE utf8_unicode_ci DEFAULT NULL COMMENT 'Город проживания',
  `country` varchar(130) CHARACTER SET utf8 COLLATE utf8_unicode_ci DEFAULT NULL COMMENT 'Страна проживания',
  `created_at` datetime DEFAULT CURRENT_TIMESTAMP COMMENT 'Время создания строки',
  `updated_at` datetime DEFAULT CURRENT_TIMESTAMP ON UPDATE CURRENT_TIMESTAMP COMMENT 'Время обновления строки',
  PRIMARY KEY (`user_id`)
) ENGINE=InnoDB DEFAULT CHARSET=utf8 COLLATE=utf8_unicode_ci COMMENT='Профили';
/*!40101 SET character_set_client = @saved_cs_client */;

--
-- Dumping data for table `profiles`
--

LOCK TABLES `profiles` WRITE;
/*!40000 ALTER TABLE `profiles` DISABLE KEYS */;
INSERT INTO `profiles` VALUES (1,'m','2014-04-21',2,1,'New Norrisport','Missouri','2002-02-09 15:09:05','2020-09-13 22:07:07'),(2,'f','2004-09-20',25,2,'Koeppstad','Florida','2002-11-10 11:02:19','2020-09-13 22:07:07'),(3,'m','1983-03-17',15,1,'Lake Sammy','RhodeIsland','2010-09-14 00:09:53','2020-09-13 22:07:07'),(4,'f','1989-10-30',1,1,'Corkeryborough','NorthCarolina','1974-10-22 11:51:42','2020-09-13 22:07:07'),(5,'f','1997-05-08',61,1,'Torpshire','Nevada','1999-11-19 07:59:22','2020-09-13 22:07:07'),(6,'m','2004-01-21',2,1,'North Percy','Indiana','2002-02-11 20:43:17','2020-09-13 22:07:07'),(7,'m','2019-06-01',24,1,'Lake Katrinastad','Minnesota','2008-03-04 02:23:18','2020-09-13 22:07:07'),(8,'f','1993-11-27',12,1,'Laurinefort','NewMexico','2006-01-26 18:55:27','2020-09-13 22:07:07'),(9,'m','2001-03-21',91,2,'South Ara','Florida','1989-01-02 12:02:17','2020-09-13 22:07:07'),(10,'m','2003-05-21',16,1,'New August','California','1979-09-15 15:37:56','2020-09-13 22:07:07'),(11,'m','1983-08-28',7,1,'South Dorthy','District of Columbia','2004-03-26 09:51:08','2020-09-13 22:07:07'),(12,'f','1983-03-18',85,1,'West Luisa','Indiana','1973-11-18 12:16:39','2020-09-13 22:07:07'),(13,'f','2007-06-28',4,1,'Connormouth','Nebraska','2005-02-22 01:03:32','2020-09-13 22:07:07'),(14,'m','1990-11-13',63,2,'North Abigail','Wisconsin','2002-04-12 03:30:57','2020-09-13 22:07:07'),(15,'m','1992-01-27',6,2,'West Pearlinemouth','Pennsylvania','1991-03-11 02:44:32','2020-09-13 22:07:07'),(16,'f','1999-09-21',39,1,'East Earleneport','Texas','1999-07-12 13:17:47','2020-09-13 22:07:07'),(17,'m','1985-08-16',77,1,'Purdyborough','Hawaii','2005-11-07 12:36:36','2020-09-13 22:07:07'),(18,'f','1999-02-19',66,2,'Lake Lianaport','NewYork','1994-10-29 07:09:20','2020-09-13 22:07:07'),(19,'f','1971-02-05',99,2,'South Kara','Montana','1974-06-24 03:06:12','2020-09-13 22:07:07'),(20,'f','1991-03-30',95,1,'Kassulkeshire','WestVirginia','1982-01-27 15:55:54','2020-09-13 22:07:07'),(21,'f','2000-12-26',80,1,'West Jaydeton','Idaho','1973-10-01 15:33:46','2020-09-13 22:07:07'),(22,'f','2017-10-30',13,2,'Lucyberg','WestVirginia','1970-04-08 12:54:10','2020-09-13 22:07:07'),(23,'f','1990-07-16',24,1,'Jerdeburgh','RhodeIsland','1973-10-15 01:02:25','2020-09-13 22:07:07'),(24,'f','2002-09-22',82,1,'Lake Keenanchester','NewJersey','1982-06-15 19:17:07','2020-09-13 22:07:07'),(25,'m','1979-11-07',38,1,'East Thea','Maryland','1979-02-07 10:53:02','2020-09-13 22:07:07'),(26,'m','1983-08-04',45,1,'East Ibrahimburgh','Iowa','1996-08-11 16:21:56','2020-09-13 22:07:07'),(27,'f','2002-12-05',7,2,'Pfefferborough','Wyoming','2012-07-04 09:11:02','2020-09-13 22:07:07'),(28,'m','2018-06-13',2,2,'Jedidiahside','NewHampshire','1973-02-08 14:52:37','2020-09-13 22:07:07'),(29,'f','1992-10-26',86,1,'Arthurbury','Iowa','1989-06-09 04:41:48','2020-09-13 22:07:07'),(30,'f','1978-02-10',25,2,'New Jovanburgh','Pennsylvania','2011-01-20 10:42:30','2020-09-13 22:07:07'),(31,'f','2000-08-25',67,1,'Port Tamiamouth','Connecticut','1990-01-30 07:50:20','2020-09-13 22:07:07'),(32,'m','2000-03-27',57,1,'Zulafort','WestVirginia','2007-05-30 22:02:57','2020-09-13 22:07:07'),(33,'m','1970-11-29',84,2,'Lake Lysanne','Alabama','2003-02-23 17:56:44','2020-09-13 22:07:07'),(34,'m','2012-09-22',51,2,'Reichelfort','NewYork','1985-02-06 13:49:21','2020-09-13 22:07:07'),(35,'m','1993-09-02',2,2,'Lake Hank','Connecticut','1988-02-23 15:10:19','2020-09-13 22:07:07'),(36,'f','1996-01-01',57,1,'Herzoghaven','NorthCarolina','2016-12-11 00:08:35','2020-09-13 22:07:07'),(37,'m','2008-10-22',79,2,'Bartholomemouth','Missouri','1976-09-04 19:09:10','2020-09-13 22:07:07'),(38,'m','1989-01-26',24,2,'Jeanieland','Virginia','2020-05-23 18:03:20','2020-09-13 22:07:07'),(39,'m','2018-01-14',83,1,'Luettgenshire','Delaware','2007-12-31 02:12:02','2020-09-13 22:07:07'),(40,'m','2017-10-23',43,2,'Lake Crawfordbury','Virginia','1980-11-20 01:05:48','2020-09-13 22:07:07'),(41,'f','1991-09-11',65,1,'West Vida','Nevada','1970-01-08 23:28:15','2020-09-13 22:07:07'),(42,'m','2002-04-08',96,2,'North Giovanny','Utah','1978-11-29 04:57:10','2020-09-13 22:07:07'),(43,'m','2010-08-01',84,1,'North Frank','NewHampshire','2015-10-09 15:29:31','2020-09-13 22:07:07'),(44,'f','2015-09-01',33,2,'Leilamouth','SouthDakota','2009-09-18 09:24:38','2020-09-13 22:07:07'),(45,'f','2016-03-28',10,2,'East Henri','Utah','1985-09-15 00:02:20','2020-09-13 22:07:07'),(46,'m','1971-09-17',51,2,'Andersontown','Maryland','2013-02-26 07:31:41','2020-09-13 22:07:07'),(47,'f','1994-03-04',23,1,'Albinaside','Nevada','1979-06-27 19:18:48','2020-09-13 22:07:07'),(48,'f','2020-03-16',64,2,'New Javon','Nevada','1999-07-26 07:31:05','2020-09-13 22:07:07'),(49,'m','1987-12-26',48,1,'Port Roseburgh','Wyoming','2018-09-05 22:32:28','2020-09-13 22:07:07'),(50,'m','1992-07-11',50,1,'Cleveside','WestVirginia','1984-05-06 18:35:04','2020-09-13 22:07:07'),(51,'f','1977-10-01',3,1,'Pasqualechester','Nebraska','1985-10-02 04:20:19','2020-09-13 22:07:07'),(52,'m','1984-08-20',67,1,'West Jacklyn','Washington','1971-07-24 22:13:00','2020-09-13 22:07:07'),(53,'m','2013-09-11',26,1,'Boylefurt','Kentucky','1990-08-30 03:51:53','2020-09-13 22:07:07'),(54,'f','2004-07-16',29,1,'Corrinebury','Oregon','1972-02-08 12:51:04','2020-09-13 22:07:07'),(55,'m','2016-03-30',66,2,'Port Gus','NorthDakota','1981-01-21 01:08:29','2020-09-13 22:07:07'),(56,'m','1987-01-12',44,2,'Fritzton','Louisiana','2011-07-15 11:25:20','2020-09-13 22:07:07'),(57,'m','2009-03-04',19,1,'Port Trisha','Florida','1975-09-29 03:58:08','2020-09-13 22:07:07'),(58,'f','2010-01-30',64,2,'East Kipburgh','SouthCarolina','1996-10-27 01:58:59','2020-09-13 22:07:07'),(59,'f','2019-04-28',61,2,'Stehrburgh','Montana','1991-10-06 15:10:45','2020-09-13 22:07:07'),(60,'m','1990-03-23',12,2,'West Juddland','District of Columbia','2011-02-27 17:46:48','2020-09-13 22:07:07'),(61,'m','1978-01-18',76,2,'Adamsport','Idaho','2005-01-17 18:41:16','2020-09-13 22:07:07'),(62,'f','1989-11-24',45,2,'West Delpha','Utah','1985-08-31 00:36:30','2020-09-13 22:07:07'),(63,'m','2008-10-26',94,2,'Port Eugenia','Kansas','2013-05-12 18:43:20','2020-09-13 22:07:07'),(64,'f','2002-02-10',37,2,'North Fabiolafort','Pennsylvania','2007-02-08 16:23:03','2020-09-13 22:07:07'),(65,'m','1977-04-20',100,2,'East Carloshire','Virginia','1979-09-11 10:49:45','2020-09-13 22:07:07'),(66,'m','1979-10-26',92,1,'Kreigerbury','Pennsylvania','2013-06-20 23:18:08','2020-09-13 22:07:07'),(67,'m','2017-05-30',56,1,'Sauerfurt','Wisconsin','2015-01-08 10:14:49','2020-09-13 22:07:07'),(68,'m','1977-05-17',6,1,'Legrosmouth','Louisiana','2003-02-19 07:52:25','2020-09-13 22:07:07'),(69,'f','1989-12-25',63,1,'Nathanaeltown','Oklahoma','1971-09-27 12:20:19','2020-09-13 22:07:07'),(70,'f','1979-02-11',94,2,'South Hattieberg','NewMexico','1988-01-24 07:59:50','2020-09-13 22:07:07'),(71,'f','1972-08-14',80,2,'Howellville','California','1994-06-30 21:01:53','2020-09-13 22:07:07'),(72,'f','1996-01-12',17,1,'Port Carmelfurt','NewHampshire','1997-02-16 23:23:10','2020-09-13 22:07:07'),(73,'m','1999-10-28',47,2,'Jameymouth','Vermont','1983-09-26 22:38:21','2020-09-13 22:07:07'),(74,'f','2012-05-08',81,1,'Charleneberg','Utah','1981-04-07 13:45:31','2020-09-13 22:07:07'),(75,'m','1988-06-19',63,2,'O\'Keefeburgh','Kentucky','1970-10-13 07:40:43','2020-09-13 22:07:07'),(76,'m','1991-08-08',74,1,'Port Lesleyhaven','Tennessee','1998-03-12 21:46:59','2020-09-13 22:07:07'),(77,'m','1971-12-24',78,2,'Schadenchester','Virginia','2016-11-10 19:11:34','2020-09-13 22:07:07'),(78,'m','1986-08-18',67,1,'Kassulkeland','Oregon','2005-01-10 08:56:27','2020-09-13 22:07:07'),(79,'m','1977-06-18',1,1,'West Darrinburgh','NewYork','1973-01-08 10:54:40','2020-09-13 22:07:07'),(80,'f','2018-04-23',2,2,'Runolfsdottirmouth','Missouri','1974-06-13 09:19:02','2020-09-13 22:07:07'),(81,'f','1990-09-14',10,2,'Dameonland','Florida','2006-06-09 21:59:06','2020-09-13 22:07:07'),(82,'f','1984-12-19',40,1,'Lake Rosaliaview','Louisiana','1985-11-01 23:27:31','2020-09-13 22:07:07'),(83,'f','2012-08-08',71,1,'Muellerville','Alabama','2013-06-25 12:20:33','2020-09-13 22:07:07'),(84,'m','2012-04-13',36,2,'Emeliaview','Kansas','1981-11-28 07:19:57','2020-09-13 22:07:07'),(85,'m','1997-09-21',66,1,'East Elena','Colorado','1990-05-14 20:55:22','2020-09-13 22:07:07'),(86,'f','2020-02-10',22,2,'Lake Shaniaburgh','Louisiana','1982-04-01 13:08:06','2020-09-13 22:07:07'),(87,'f','1986-02-18',9,2,'Schroederburgh','Texas','2014-03-13 00:31:43','2020-09-13 22:07:07'),(88,'f','1970-03-29',80,2,'Port Harrison','NewHampshire','1979-04-27 02:12:04','2020-09-13 22:07:07'),(89,'m','2013-07-18',73,1,'Port Brionna','Massachusetts','1973-06-26 23:22:28','2020-09-13 22:07:07'),(90,'f','1977-11-07',22,2,'Einoland','Kentucky','1991-11-01 12:30:54','2020-09-13 22:07:07'),(91,'f','2009-04-06',93,2,'Port Frank','NorthCarolina','1986-04-16 01:46:25','2020-09-13 22:07:07'),(92,'f','1977-08-01',96,1,'Jadonview','District of Columbia','1988-06-28 12:26:20','2020-09-13 22:07:07'),(93,'f','1975-08-27',2,2,'North Rosieton','Louisiana','1979-05-28 06:12:15','2020-09-13 22:07:07'),(94,'f','1989-01-07',21,2,'Justustown','Minnesota','1981-04-29 23:42:26','2020-09-13 22:07:07'),(95,'m','2019-02-14',100,1,'Pietrohaven','Vermont','1985-04-24 09:33:02','2020-09-13 22:07:07'),(96,'m','1981-06-19',33,2,'West Joesph','Massachusetts','2014-06-14 21:50:02','2020-09-13 22:07:07'),(97,'m','2000-06-11',68,1,'South Nameberg','Utah','1970-12-25 19:40:55','2020-09-13 22:07:07'),(98,'f','2013-08-20',41,1,'Port Baileebury','NewMexico','1994-11-19 21:40:42','2020-09-13 22:07:07'),(99,'m','2005-09-05',97,2,'Gutmannstad','Maryland','2018-07-20 04:24:49','2020-09-13 22:07:07'),(100,'m','1998-10-04',64,1,'Lake Maia','Utah','1971-06-18 15:07:25','2020-09-13 22:07:07');
/*!40000 ALTER TABLE `profiles` ENABLE KEYS */;
UNLOCK TABLES;

--
-- Table structure for table `user_statuses`
--

DROP TABLE IF EXISTS `user_statuses`;
/*!40101 SET @saved_cs_client     = @@character_set_client */;
/*!50503 SET character_set_client = utf8mb4 */;
CREATE TABLE `user_statuses` (
  `id` int unsigned NOT NULL AUTO_INCREMENT,
  `name` varchar(100) NOT NULL,
  `created_at` datetime NOT NULL DEFAULT CURRENT_TIMESTAMP,
  `updated_at` datetime DEFAULT CURRENT_TIMESTAMP ON UPDATE CURRENT_TIMESTAMP,
  PRIMARY KEY (`id`)
) ENGINE=InnoDB AUTO_INCREMENT=3 DEFAULT CHARSET=utf8mb4 COLLATE=utf8mb4_0900_ai_ci;
/*!40101 SET character_set_client = @saved_cs_client */;

--
-- Dumping data for table `user_statuses`
--

LOCK TABLES `user_statuses` WRITE;
/*!40000 ALTER TABLE `user_statuses` DISABLE KEYS */;
INSERT INTO `user_statuses` VALUES (1,'single','2020-09-13 21:54:08','2020-09-13 21:54:08'),(2,'married','2020-09-13 21:54:08','2020-09-13 21:54:08');
/*!40000 ALTER TABLE `user_statuses` ENABLE KEYS */;
UNLOCK TABLES;

--
-- Table structure for table `users`
--

DROP TABLE IF EXISTS `users`;
/*!40101 SET @saved_cs_client     = @@character_set_client */;
/*!50503 SET character_set_client = utf8mb4 */;
CREATE TABLE `users` (
  `id` int unsigned NOT NULL AUTO_INCREMENT COMMENT 'Идентификатор строки',
  `first_name` varchar(100) CHARACTER SET utf8 COLLATE utf8_unicode_ci NOT NULL COMMENT 'Имя пользователя',
  `last_name` varchar(100) CHARACTER SET utf8 COLLATE utf8_unicode_ci NOT NULL COMMENT 'Фамилия пользователя',
  `email` varchar(100) CHARACTER SET utf8 COLLATE utf8_unicode_ci NOT NULL COMMENT 'Почта',
  `phone` varchar(100) CHARACTER SET utf8 COLLATE utf8_unicode_ci NOT NULL COMMENT 'Телефон',
  `created_at` datetime DEFAULT CURRENT_TIMESTAMP COMMENT 'Время создания строки',
  `updated_at` datetime DEFAULT CURRENT_TIMESTAMP ON UPDATE CURRENT_TIMESTAMP COMMENT 'Время обновления строки',
  PRIMARY KEY (`id`),
  UNIQUE KEY `email` (`email`),
  UNIQUE KEY `phone` (`phone`)
) ENGINE=InnoDB AUTO_INCREMENT=101 DEFAULT CHARSET=utf8 COLLATE=utf8_unicode_ci COMMENT='Пользователи';
/*!40101 SET character_set_client = @saved_cs_client */;

--
-- Dumping data for table `users`
--

LOCK TABLES `users` WRITE;
/*!40000 ALTER TABLE `users` DISABLE KEYS */;
INSERT INTO `users` VALUES (1,'Xavier','Schiller','luella78@example.com','1-774-891-0339','1998-09-14 05:29:50','2020-09-13 22:00:16'),(2,'Junior','Koelpin','aiyana70@example.org','832-654-2730x264','1999-09-27 16:34:04','2012-11-07 12:37:22'),(3,'Selina','Smitham','paula.flatley@example.net','246.416.0373x27107','2008-02-21 21:22:41','2020-09-13 22:00:16'),(4,'August','Sauer','johnpaul.o\'connell@example.net','787.964.9136','1994-10-17 04:16:51','2001-09-22 04:59:33'),(5,'Adriel','Huels','vivienne.prohaska@example.net','1-762-655-7239x5518','2017-03-17 00:44:36','2020-09-13 22:00:16'),(6,'Berniece','Jacobs','yasmin42@example.com','+35(4)7488132704','1973-11-09 06:56:12','2003-06-02 06:15:03'),(7,'Kenya','Boyer','myrtie.powlowski@example.org','(424)714-6386x235','2003-02-06 22:47:52','2020-09-13 22:00:16'),(8,'Bo','Kshlerin','xmuller@example.com','(257)293-9197','1986-09-10 18:08:28','2010-01-10 11:43:26'),(9,'Adalberto','Goyette','pansy76@example.net','(807)841-9216x973','2013-02-12 04:00:04','2020-09-13 22:00:16'),(10,'Ephraim','Zulauf','mankunding@example.net','1-848-719-9068x564','1994-08-03 23:41:17','2005-01-05 00:51:04'),(11,'Kennedi','Wyman','flatley.tony@example.com','1-242-005-1009x93186','1982-06-05 05:47:05','2004-06-28 13:31:25'),(12,'Vance','Kerluke','rossie.king@example.com','588.398.4623x0495','1995-10-27 23:41:05','1997-06-22 13:04:59'),(13,'Terrence','White','itzel.boehm@example.org','1-039-852-8975','1987-09-14 18:39:39','2020-09-13 22:00:16'),(14,'Zechariah','Botsford','stroman.ursula@example.net','636-492-4889','1979-01-08 03:26:02','1994-05-31 16:01:17'),(15,'Ada','Denesik','lfunk@example.com','250-230-5025x54724','1984-09-10 12:15:12','2016-07-09 02:44:52'),(16,'Sheridan','Klein','mattie11@example.net','063-124-8181x37257','1988-09-23 03:05:39','2020-09-13 22:00:16'),(17,'Jacynthe','Cruickshank','brock92@example.net','(735)013-7186x46561','1982-11-11 05:29:34','2020-03-05 18:11:45'),(18,'Cornell','Huel','roberta25@example.org','(786)291-7059x440','2011-07-27 16:08:12','2020-09-13 22:00:16'),(19,'Carson','Volkman','feeney.russ@example.org','336.564.8236x91377','1985-12-15 21:58:02','1993-01-11 03:14:06'),(20,'Maeve','Rath','fmetz@example.org','08410281268','2013-11-28 00:44:04','2020-09-13 22:00:16'),(21,'Perry','Bailey','meghan75@example.org','076.964.4817x11629','1984-10-07 19:12:00','2007-08-22 22:43:03'),(22,'Jedediah','Will','nora96@example.org','105.215.1931x5746','2004-07-27 23:06:32','2020-09-13 22:00:16'),(23,'Norbert','Konopelski','yquitzon@example.org','1-765-808-2220x6786','1973-05-26 19:49:22','2011-01-28 07:08:06'),(24,'Renee','Erdman','cyrus.wuckert@example.net','463.903.4744x643','1994-05-11 12:49:55','2016-09-22 16:19:14'),(25,'Agustina','Rath','casimir13@example.org','984-591-4858x41649','1997-03-11 18:52:43','2020-09-13 22:00:16'),(26,'Bridget','Roberts','bwyman@example.org','1-209-476-3472x5903','2000-08-13 21:23:59','2020-09-13 22:00:16'),(27,'Katrina','Dickens','leffler.mackenzie@example.com','(217)162-6833x394','1990-06-15 11:56:58','2020-09-13 22:00:16'),(28,'Floy','Hoppe','gulgowski.stella@example.com','02575937766','1976-12-10 06:15:26','1993-10-15 09:48:35'),(29,'Loyce','Larkin','fgreenfelder@example.net','705.611.2650','1993-01-15 02:16:11','2013-11-19 09:34:00'),(30,'Keaton','Bartell','cheyanne51@example.com','1-627-065-6365x296','1977-05-15 23:39:59','2012-07-01 09:18:03'),(31,'Vincenza','Dietrich','tyshawn.kohler@example.org','06177393239','2018-08-22 01:40:44','2020-09-13 22:00:16'),(32,'Kayden','Ratke','ohowell@example.net','506-531-0155','1998-07-17 11:45:36','2020-09-13 22:00:16'),(33,'Jo','Kautzer','stone.cummerata@example.com','059.654.2070x401','1985-11-02 04:58:31','2020-09-13 22:00:16'),(34,'Fannie','Hane','dbahringer@example.org','391.868.3148x4970','1971-06-18 07:11:12','2002-10-28 16:45:07'),(35,'Jordy','Gleichner','bonnie.schaden@example.com','1-988-860-5114x31036','2003-08-10 19:07:33','2020-09-13 22:00:16'),(36,'Rhiannon','Muller','oemmerich@example.net','785-500-0646x055','1992-10-21 14:03:38','2017-02-05 15:42:36'),(37,'Mallory','Koepp','turner.jonas@example.com','277-629-2205x68479','1984-03-07 02:07:35','2020-09-13 22:00:16'),(38,'Madie','Bergnaum','wuckert.spencer@example.com','436-248-5950','1987-11-09 16:38:42','1987-12-05 21:35:36'),(39,'Leatha','Kub','kshlerin.sandrine@example.com','1-317-116-3441x90566','1988-12-13 06:00:49','2006-07-28 21:50:13'),(40,'Kasey','Hamill','rippin.queen@example.com','07510111740','1989-01-12 15:43:35','2007-08-04 00:06:44'),(41,'Janie','Bernhard','sheridan16@example.org','+75(8)1106325479','1984-08-26 09:12:55','2001-07-31 12:52:55'),(42,'Lola','Terry','tnitzsche@example.org','1-241-836-4970','1973-12-12 10:48:41','2019-08-03 02:29:22'),(43,'Javon','Abbott','sallie.carter@example.org','+34(1)7412403960','1997-01-30 19:35:48','2020-09-13 22:00:16'),(44,'Katrina','Kuphal','xkertzmann@example.net','+69(0)0862830991','1999-06-04 13:12:52','2020-09-13 22:00:16'),(45,'Isai','Nader','vgoyette@example.org','06019268440','2019-10-25 22:47:09','2020-09-13 22:00:16'),(46,'Arvid','Block','zparisian@example.net','00295888137','2009-07-20 22:06:38','2019-05-03 01:41:39'),(47,'Ezequiel','Ebert','margaretta.lesch@example.net','226-308-5764','1973-08-03 02:38:13','2017-03-22 02:13:24'),(48,'Peggie','Jakubowski','dayna32@example.org','026.122.9277x0833','1991-11-15 05:07:20','2019-07-30 15:49:21'),(49,'Tre','Williamson','vpredovic@example.com','171-830-5917x30178','1990-01-26 18:29:28','2019-06-12 21:22:24'),(50,'Emie','Buckridge','williamson.stone@example.net','343.498.2410x418','2005-09-20 09:31:07','2020-09-13 22:00:16'),(51,'Aurelio','O\'Keefe','bsporer@example.net','+40(5)3170706257','2005-05-29 13:12:12','2020-09-13 22:00:16'),(52,'Heaven','Ledner','wkautzer@example.com','(123)441-0721x67019','1994-11-02 01:46:25','2020-09-13 22:00:16'),(53,'Marguerite','Schamberger','nikki12@example.net','(695)182-5405x771','1980-01-08 15:45:49','1985-07-01 18:43:14'),(54,'Kelli','Denesik','rhoda22@example.com','03837737004','1981-01-16 19:31:32','2020-04-29 09:14:45'),(55,'Steve','Dicki','flossie.hessel@example.net','1-278-773-7822x4391','1975-06-16 21:43:29','1984-06-19 11:41:20'),(56,'Christian','Hauck','ignacio.dicki@example.com','(103)245-3743x9941','1986-06-29 23:32:14','2012-02-07 16:12:41'),(57,'Enola','Treutel','marilie37@example.net','601.294.5024x066','1992-10-06 10:37:05','1996-12-21 10:44:54'),(58,'Jennings','Stiedemann','johnny49@example.com','(492)344-7994','1978-04-11 06:49:11','1985-01-27 20:10:57'),(59,'Florida','McDermott','ruben11@example.net','(201)177-7141x221','1974-08-01 12:08:32','2014-01-31 04:07:12'),(60,'Luisa','Aufderhar','margot34@example.org','(833)841-7562x79462','1986-03-10 07:08:32','1988-07-10 07:23:18'),(61,'Eunice','Torp','jhudson@example.com','807-328-6862','1974-02-13 09:49:19','2003-12-06 05:22:22'),(62,'Rosalia','Raynor','mikayla16@example.org','(416)793-2898','1970-02-28 09:19:47','1985-09-10 05:29:56'),(63,'Esther','Fahey','paucek.stephan@example.com','03893132011','1973-05-15 21:33:25','1977-01-12 18:27:21'),(64,'D\'angelo','Botsford','go\'conner@example.com','1-382-018-6623x927','1972-01-25 16:51:03','1976-04-20 21:16:25'),(65,'Curt','Krajcik','delia.kshlerin@example.net','1-186-982-0170x93491','2011-10-19 07:51:45','2020-09-13 22:00:16'),(66,'Verdie','Ullrich','kschaefer@example.net','1-393-688-5179','1989-06-17 17:58:05','2020-09-13 22:00:16'),(67,'Avery','Weissnat','perry.lemke@example.net','(796)849-7270','1990-10-04 10:45:25','1996-07-17 23:29:19'),(68,'Martine','Yost','camilla11@example.com','231-108-5429','1970-04-29 20:30:14','2012-03-18 09:21:42'),(69,'Creola','Reilly','renner.veronica@example.com','928-657-7859x5811','1982-10-03 18:20:13','2020-09-13 22:00:16'),(70,'Geo','Hills','spacocha@example.net','(344)378-4881x11180','2019-01-27 20:02:08','2020-09-13 22:00:16'),(71,'Zechariah','Wuckert','breitenberg.kaela@example.com','06419830816','1974-03-15 04:56:23','1990-11-23 07:59:12'),(72,'Nathanial','Franecki','zora94@example.net','717.682.8458','1995-10-05 00:51:01','2020-09-13 22:00:16'),(73,'Arlo','Keeling','elisa22@example.net','1-645-375-9586x0901','1984-05-20 01:35:50','2020-09-13 22:00:16'),(74,'Emmalee','Heidenreich','marlen65@example.com','(581)286-7740x21632','1998-06-09 12:31:34','2002-12-04 19:38:23'),(75,'Lisa','Runolfsdottir','winnifred.walter@example.com','377-479-5140x471','2016-01-06 20:41:17','2020-09-13 22:00:16'),(76,'Carolyn','Green','gerald42@example.org','(327)842-8808x7687','2019-08-16 06:36:27','2020-09-13 22:00:16'),(77,'Margie','Weissnat','zschmeler@example.com','649-641-7858','2002-05-31 02:03:04','2020-09-13 22:00:16'),(78,'Sigrid','Breitenberg','edna79@example.org','1-065-271-4395','1987-05-25 21:34:38','1995-02-14 02:20:03'),(79,'Osborne','Zboncak','braun.sallie@example.com','185-744-8897x5458','2018-03-22 23:06:04','2020-09-13 22:00:16'),(80,'Ellsworth','Hermann','tessie.graham@example.net','1-499-118-9522x60025','1971-04-07 15:29:09','1992-11-06 12:22:07'),(81,'Itzel','Grimes','riley07@example.net','128.739.7239','1988-01-22 15:08:23','1991-07-26 00:11:32'),(82,'Judson','O\'Conner','bernier.leonel@example.net','966-118-6575','2008-09-20 00:32:10','2020-09-13 22:00:16'),(83,'Daryl','Adams','walter.lori@example.net','1-029-178-8642x68467','2010-04-19 15:23:25','2020-09-13 22:00:16'),(84,'Bradford','Robel','rodger.simonis@example.com','087-532-4940x803','1978-06-09 00:19:34','1994-08-21 20:12:42'),(85,'Lambert','Gleichner','keanu.mertz@example.com','506-426-0050x146','2011-04-28 00:06:42','2020-09-13 22:00:16'),(86,'Adelbert','Hammes','howe.leta@example.org','016-265-3418','2012-01-30 14:37:11','2020-09-13 22:00:16'),(87,'Ryley','Miller','homenick.leslie@example.com','789-716-7359','1971-12-11 15:14:01','2020-09-13 22:00:16'),(88,'Nat','Parker','carrie.parker@example.org','(948)544-1020','1971-06-19 15:58:43','1996-10-01 20:48:22'),(89,'Dina','Mertz','streich.marisol@example.com','(695)232-0620','1986-12-29 21:46:10','1997-11-24 00:00:07'),(90,'Kitty','VonRueden','nboyer@example.net','(962)030-0392','1977-02-19 15:02:34','1980-01-05 16:44:47'),(91,'Grant','Dibbert','lysanne.hilpert@example.com','340-431-6099','2020-02-20 22:32:39','2020-09-13 22:00:16'),(92,'Kade','Larson','gorczany.george@example.com','466-963-1246x7934','2006-12-29 11:34:50','2015-06-24 19:15:39'),(93,'Cedrick','Becker','augustus.emard@example.org','06224977892','1975-08-14 03:08:47','2010-02-02 16:29:52'),(94,'Cora','Parker','sgrady@example.net','(536)484-3349x7289','2017-05-10 11:53:02','2020-09-13 22:00:16'),(95,'Shanna','Champlin','iankunding@example.com','1-862-175-8184x847','1980-05-27 19:26:16','1985-03-02 05:46:22'),(96,'Dorris','McKenzie','jaquan.west@example.com','1-357-293-6665','2004-01-23 13:38:30','2020-09-13 22:00:16'),(97,'Ashly','Schamberger','lou48@example.net','208.084.0889x68131','1991-01-29 07:05:34','2018-06-15 21:45:17'),(98,'Bartholome','Davis','hackett.jaden@example.com','(717)302-9680','1996-05-08 20:40:03','2019-05-05 06:26:58'),(99,'Brenna','Quitzon','karson.cummerata@example.net','(359)855-5560','1996-02-02 01:48:42','2020-09-13 22:00:16'),(100,'Van','Doyle','darrion73@example.org','(117)076-6033x2219','1971-08-17 17:26:00','2019-03-26 09:47:44');
/*!40000 ALTER TABLE `users` ENABLE KEYS */;
UNLOCK TABLES;
/*!40103 SET TIME_ZONE=@OLD_TIME_ZONE */;

/*!40101 SET SQL_MODE=@OLD_SQL_MODE */;
/*!40014 SET FOREIGN_KEY_CHECKS=@OLD_FOREIGN_KEY_CHECKS */;
/*!40014 SET UNIQUE_CHECKS=@OLD_UNIQUE_CHECKS */;
/*!40101 SET CHARACTER_SET_CLIENT=@OLD_CHARACTER_SET_CLIENT */;
/*!40101 SET CHARACTER_SET_RESULTS=@OLD_CHARACTER_SET_RESULTS */;
/*!40101 SET COLLATION_CONNECTION=@OLD_COLLATION_CONNECTION */;
/*!40111 SET SQL_NOTES=@OLD_SQL_NOTES */;

-- Dump completed on 2020-09-13 22:55:11
